numero,nome,slug,apelido,aliases,tipo,categoria,faixa_etaria,papel,descricao_curta,asset_futuro,status_imagem,tags,variacoes_planejadas,assets_variacoes_futuras,padrao_visual_avatar,status_variacoes
001,Pig,pig-principal,Pig,Pig Principal|Mascote Pig|Professor-amigo,mascote_principal,Guia da marca,atemporal,Professor-amigo e comunicador do Cofrinho Real,O Pig e o guia principal do Cofrinho Real.,assets/characters/001-pig-principal.png,criada,principal|educacao|marca|guia,,,,
002,Pig Bebe,pig-bebe,Bebe,Pig Bebe|Bebe|pig bebe,avatar_usuario,Avatares do usuario,0 a 2 anos,Avatar para conta administrada por responsaveis,Avatar macio e ludico para os primeiros anos.,assets/characters/002-pig-bebe.png,pendente,avatar_usuario|avatares_do_usuario|0 a 2 anos|vila_pig,padrao|azul|rosa|arco_iris,padrao=assets/characters/002-pig-bebe-padrao.png;azul=assets/characters/002-pig-bebe-azul.png;rosa=assets/characters/002-pig-bebe-rosa.png;arco_iris=assets/characters/002-pig-bebe-arco-iris.png,camisa_calca_tenis,padrao=criada;azul=criada;rosa=criada;arco_iris=criada
003,Pig Primeirinhos,pig-primeirinhos,Primeirinhos,Pig Primeirinhos|Primeirinhos|pig primeirinhos,avatar_usuario,Avatares do usuario,3 a 5 anos,"Avatar para primeiras cores, numeros e vinculo com o cofrinho","Avatar infantil, seguro e brincalhao.",assets/characters/003-pig-primeirinhos.png,pendente,avatar_usuario|avatares_do_usuario|3 a 5 anos|vila_pig,padrao|azul|rosa|arco_iris,padrao=assets/characters/003-pig-primeirinhos-padrao.png;azul=assets/characters/003-pig-primeirinhos-azul.png;rosa=assets/characters/003-pig-primeirinhos-rosa.png;arco_iris=assets/characters/003-pig-primeirinhos-arco-iris.png,camisa_calca_tenis,padrao=criada;azul=criada;rosa=criada;arco_iris=criada
004,Pig Crianca,pig-crianca,Crianca,Pig Crianca|Crianca|pig crianca,avatar_usuario,Avatares do usuario,6 a 9 anos,"Avatar para moedas, metas simples e jogos educativos","Avatar curioso, escolar e alegre.",assets/characters/004-pig-crianca.png,pendente,avatar_usuario|avatares_do_usuario|6 a 9 anos|vila_pig,padrao|azul|rosa|arco_iris,padrao=assets/characters/004-pig-crianca-padrao.png;azul=assets/characters/004-pig-crianca-azul.png;rosa=assets/characters/004-pig-crianca-rosa.png;arco_iris=assets/characters/004-pig-crianca-arco-iris.png,camisa_calca_tenis,padrao=criada;azul=criada;rosa=criada;arco_iris=criada
005,Pig Pre-Adolescente,pig-pre-adolescente,Pre,Pig Pre-Adolescente|Pre|pig pre adolescente,avatar_usuario,Avatares do usuario,10 a 12 anos,"Avatar para primeiras escolhas, autonomia e responsabilidade","Avatar moderno, ainda infantil e seguro.",assets/characters/005-pig-pre-adolescente.png,pendente,avatar_usuario|avatares_do_usuario|10 a 12 anos|vila_pig,padrao|azul|rosa|arco_iris,padrao=assets/characters/005-pig-pre-adolescente-padrao.png;azul=assets/characters/005-pig-pre-adolescente-azul.png;rosa=assets/characters/005-pig-pre-adolescente-rosa.png;arco_iris=assets/characters/005-pig-pre-adolescente-arco-iris.png,camisa_calca_tenis,padrao=criada;azul=criada;rosa=criada;arco_iris=criada
006,Pig Adolescente,pig-adolescente,Adolescente,Pig Adolescente|Adolescente|pig adolescente,avatar_usuario,Avatares do usuario,13 a 17 anos,"Avatar para consumo consciente, metas e PigCoins","Avatar jovem, confiante e moderno.",assets/characters/006-pig-adolescente.png,pendente,avatar_usuario|avatares_do_usuario|13 a 17 anos|vila_pig,padrao|azul|rosa|arco_iris,padrao=assets/characters/006-pig-adolescente-padrao.png;azul=assets/characters/006-pig-adolescente-azul.png;rosa=assets/characters/006-pig-adolescente-rosa.png;arco_iris=assets/characters/006-pig-adolescente-arco-iris.png,camisa_calca_tenis,padrao=criada;azul=criada;rosa=criada;arco_iris=criada
007,Pig Jovem,pig-jovem,Jovem,Pig Jovem|Jovem|pig jovem,avatar_usuario,Avatares do usuario,18 a 24 anos,"Avatar para faculdade, trabalho e metas pessoais",Avatar jovem adulto e casual.,assets/characters/007-pig-jovem.png,pendente,avatar_usuario|avatares_do_usuario|18 a 24 anos|vila_pig,padrao|azul|rosa|arco_iris,padrao=assets/characters/007-pig-jovem-padrao.png;azul=assets/characters/007-pig-jovem-azul.png;rosa=assets/characters/007-pig-jovem-rosa.png;arco_iris=assets/characters/007-pig-jovem-arco-iris.png,camisa_calca_tenis,padrao=criada;azul=criada;rosa=criada;arco_iris=criada
008,Pig Jovem Adulto,pig-jovem-adulto,Jovem Adulto,Pig Jovem Adulto|Jovem Adulto|pig jovem adulto,avatar_usuario,Avatares do usuario,25 a 34 anos,Avatar para vida independente e controle pessoal,"Avatar moderno, simples e organizado.",assets/characters/008-pig-jovem-adulto.png,pendente,avatar_usuario|avatares_do_usuario|25 a 34 anos|vila_pig,padrao|azul|rosa|arco_iris,padrao=assets/characters/008-pig-jovem-adulto-padrao.png;azul=assets/characters/008-pig-jovem-adulto-azul.png;rosa=assets/characters/008-pig-jovem-adulto-rosa.png;arco_iris=assets/characters/008-pig-jovem-adulto-arco-iris.png,camisa_calca_tenis,padrao=criada;azul=criada;rosa=criada;arco_iris=criada
009,Pig Adulto,pig-adulto,Adulto,Pig Adulto|Adulto|pig adulto,avatar_usuario,Avatares do usuario,35 a 49 anos,"Avatar para familia, trabalho, comercio e envio de Pig","Avatar adulto, equilibrado e confiavel.",assets/characters/009-pig-adulto.png,pendente,avatar_usuario|avatares_do_usuario|35 a 49 anos|vila_pig,padrao|azul|rosa|arco_iris,padrao=assets/characters/009-pig-adulto-padrao.png;azul=assets/characters/009-pig-adulto-azul.png;rosa=assets/characters/009-pig-adulto-rosa.png;arco_iris=assets/characters/009-pig-adulto-arco-iris.png,camisa_calca_tenis,padrao=criada;azul=criada;rosa=criada;arco_iris=criada
010,Pig Coroa,pig-coroa,Coroa,Pig Coroa|Coroa|pig coroa,avatar_usuario,Avatares do usuario,50 a 64 anos,Avatar para experiencia e apoio a familia,"Avatar maduro, acolhedor e bem-humorado.",assets/characters/010-pig-coroa.png,pendente,avatar_usuario|avatares_do_usuario|50 a 64 anos|vila_pig,padrao|azul|rosa|arco_iris,padrao=assets/characters/010-pig-coroa-padrao.png;azul=assets/characters/010-pig-coroa-azul.png;rosa=assets/characters/010-pig-coroa-rosa.png;arco_iris=assets/characters/010-pig-coroa-arco-iris.png,camisa_calca_tenis,padrao=criada;azul=criada;rosa=criada;arco_iris=pendente
011,Pig Senior,pig-senior,Senior,Pig Senior|Senior|pig senior,avatar_usuario,Avatares do usuario,65+,"Avatar para avos, netos, carinho e legado","Avatar senior simples, afetuoso e simpatico.",assets/characters/011-pig-senior.png,pendente,avatar_usuario|avatares_do_usuario|65+|vila_pig,padrao|azul|rosa|arco_iris,padrao=assets/characters/011-pig-senior-padrao.png;azul=assets/characters/011-pig-senior-azul.png;rosa=assets/characters/011-pig-senior-rosa.png;arco_iris=assets/characters/011-pig-senior-arco-iris.png,camisa_calca_tenis,padrao=pendente;azul=pendente;rosa=pendente;arco_iris=pendente
012,Pinguinha,pinguinha,Pinguinha,Pinguinha|pinguinha,familia_principal,Familia principal,crianca,Personagem de referencia para conta infantil ficticia,"Curiosa, carinhosa e animada com pequenas conquistas.",assets/characters/012-pinguinha.png,pendente,familia_principal|crianca|vila_pig,,,,
013,Mae Helena,mae-helena,Helena,Mae Helena|Helena|mae helena,familia_principal,Familia principal,adulto,Mae responsavel que orienta sem bronca,Ajuda a familia a falar de dinheiro com calma.,assets/characters/013-mae-helena.png,pendente,familia_principal|adulto|vila_pig,,,,
014,Pai Raimundo,pai-raimundo,Raimundo,Pai Raimundo|Raimundo|pai raimundo,familia_principal,Familia principal,adulto,Pai presente que manda Pig com carinho,Valoriza planejamento e pequenas metas.,assets/characters/014-pai-raimundo.png,pendente,familia_principal|adulto|vila_pig,,,,
015,Bia,bia,Bia,Bia|bia,familia_principal,Familia principal,pre-adolescente,Irma que aprende metas e escolhas,Gosta de organizar pequenas economias.,assets/characters/015-bia.png,pendente,familia_principal|pre-adolescente|vila_pig,,,,
016,Juninho,juninho,Juninho,Juninho|juninho,familia_principal,Familia principal,crianca,Irmao brincalhao que aprende a contar moedas,Transforma troco em pequenas descobertas.,assets/characters/016-juninho.png,pendente,familia_principal|crianca|vila_pig,,,,
017,Vovo Zefa,vovo-zefa,Dona Zefa,Vovo Zefa|Dona Zefa|vovo zefa,familia_principal,Familia principal,senior,Avo carinhosa que manda Pig para os netos,"Representa afeto, memoria e cuidado familiar.",assets/characters/017-vovo-zefa.png,pendente,familia_principal|senior|vila_pig,,,,
018,Vovo Joao,vovo-joao,Seu Joao,Vovo Joao|Seu Joao|vovo joao,familia_principal,Familia principal,senior,Avo experiente que ensina pelo exemplo,"Valoriza paciencia, historia e simplicidade.",assets/characters/018-vovo-joao.png,pendente,familia_principal|senior|vila_pig,,,,
019,Vovo Lourdes,vovo-lourdes,Dona Lourdes,Vovo Lourdes|Dona Lourdes|vovo lourdes,familia_estendida,Familia estendida,senior,Avo materna acolhedora,"Guarda receitas, historias e pequenos conselhos.",assets/characters/019-vovo-lourdes.png,pendente,familia_estendida|senior|vila_pig,,,,
020,Vovo Severino,vovo-severino,Seu Severino,Vovo Severino|Seu Severino|vovo severino,familia_estendida,Familia estendida,senior,Avo paterno de fala calma,Mostra que cada moeda tem historia.,assets/characters/020-vovo-severino.png,pendente,familia_estendida|senior|vila_pig,,,,
021,Tia Maria,tia-maria,Tia Maria,Tia Maria|tia maria,familia_estendida,Familia estendida,adulto,Tia presente nas festas e metas da familia,Ajuda sobrinhos a planejar sonhos simples.,assets/characters/021-tia-maria.png,pendente,familia_estendida|adulto|vila_pig,,,,
022,Tio Chico,tio-chico,Tio Chico,Tio Chico|tio chico,familia_estendida,Familia estendida,adulto,Tio divertido e organizado,Ensina escolhas com bom humor.,assets/characters/022-tio-chico.png,pendente,familia_estendida|adulto|vila_pig,,,,
023,Prima Lala,prima-lala,Lala,Prima Lala|Lala|prima lala,familia_estendida,Familia estendida,crianca,Prima criativa e parceira de jogos educativos,"Gosta de albuns, cores e desafios saudaveis.",assets/characters/023-prima-lala.png,pendente,familia_estendida|crianca|vila_pig,,,,
024,Primo Toninho,primo-toninho,Toninho,Primo Toninho|Toninho|primo toninho,familia_estendida,Familia estendida,adolescente,Primo que aprende autonomia,Fala de metas maiores sem pressa.,assets/characters/024-primo-toninho.png,pendente,familia_estendida|adolescente|vila_pig,,,,
025,Seu Damiao da Padaria,seu-damiao-padaria,Seu Damiao,Seu Damiao da Padaria|Seu Damiao|seu damiao padaria,comercio_local,Comercio local,adulto,Padeiro que enfrenta a falta de moeda no caixa,Mostra o troco digital no comercio de bairro.,assets/characters/025-seu-damiao-padaria.png,pendente,comercio_local|adulto|vila_pig,,,,
026,Tia Carmem da Cantina,tia-carmem-cantina,Tia Carmem,Tia Carmem da Cantina|Tia Carmem|tia carmem cantina,escola_cantina,Cantina e eventos escolares,adulto,Cantineira querida da escola,Ajuda em exemplos educativos de troco supervisionado.,assets/characters/026-tia-carmem-cantina.png,pendente,escola_cantina|cantina_e_eventos_escolares|adulto|vila_pig,,,,
027,Pig Sabio,pig-sabio,Pig,Pig Sabio|Pig|pig sabio,mascote_guia,Mascote e guias,atemporal,Guia de reflexao financeira,Ajuda a pensar antes de gastar.,assets/characters/027-pig-sabio.png,pendente,mascote_guia|mascote_e_guias|atemporal|vila_pig,,,,
028,Pig Contador,pig-contador,Pig,Pig Contador|Pig|pig contador,mascote_guia,Mascote e guias,atemporal,Guia de numeros e moedas,"Ensina soma, troco e pequenos calculos.",assets/characters/028-pig-contador.png,pendente,mascote_guia|mascote_e_guias|atemporal|vila_pig,,,,
029,Pig Guardiao,pig-guardiao,Pig,Pig Guardiao|Pig|pig guardiao,mascote_guia,Mascote e guias,atemporal,Guia de seguranca e cuidado,Lembra que prototipo nao movimenta dinheiro real.,assets/characters/029-pig-guardiao.png,pendente,mascote_guia|mascote_e_guias|atemporal|vila_pig,,,,
030,Pig Solidario,pig-solidario,Pig,Pig Solidario|Pig|pig solidario,mascote_guia,Mascote e guias,atemporal,Guia de doacoes futuras,Mostra solidariedade sem pressao.,assets/characters/030-pig-solidario.png,pendente,mascote_guia|mascote_e_guias|atemporal|vila_pig,,,,
031,Pig Campeao,pig-campeao,Pig,Pig Campeao|Pig|pig campeao,mascote_guia,Mascote e guias,atemporal,Guia de metas concluidas,Comemora progresso sem criar vicio.,assets/characters/031-pig-campeao.png,pendente,mascote_guia|mascote_e_guias|atemporal|vila_pig,,,,
032,Pig Pensativo,pig-pensativo,Pig,Pig Pensativo|Pig|pig pensativo,mascote_guia,Mascote e guias,atemporal,Guia de escolhas conscientes,Convida a refletir com carinho.,assets/characters/032-pig-pensativo.png,pendente,mascote_guia|mascote_e_guias|atemporal|vila_pig,,,,
033,Bisavo Nena,bisavo-nena,Bisavo,Bisavo Nena|Bisavo|bisavo nena,familia_estendida,Avos dos dois lados,senior,Bisavo da memoria familiar,Conta historias sobre guardar com paciencia.,assets/characters/033-bisavo-nena.png,pendente,familia_estendida|avos_dos_dois_lados|senior|vila_pig,,,,
034,Bisavo Joaquim,bisavo-joaquim,Bisavo,Bisavo Joaquim|Bisavo|bisavo joaquim,familia_estendida,Avos dos dois lados,senior,Bisavo tranquilo e observador,Ensina que devagar tambem chega.,assets/characters/034-bisavo-joaquim.png,pendente,familia_estendida|avos_dos_dois_lados|senior|vila_pig,,,,
035,Dona Tereza do Interior,dona-tereza-do-interior,Dona,Dona Tereza do Interior|Dona|dona tereza do interior,familia_estendida,Avos dos dois lados,senior,Avo que mora no interior,"Traz afeto de feira, quintal e familia.",assets/characters/035-dona-tereza-do-interior.png,pendente,familia_estendida|avos_dos_dois_lados|senior|vila_pig,,,,
036,Seu Cid de Outra Cidade,seu-cid-de-outra-cidade,Seu,Seu Cid de Outra Cidade|Seu|seu cid de outra cidade,familia_estendida,Avos dos dois lados,senior,Avo que visita de outra cidade,Manda Pig em datas especiais da familia.,assets/characters/036-seu-cid-de-outra-cidade.png,pendente,familia_estendida|avos_dos_dois_lados|senior|vila_pig,,,,
037,Professora Lucia,professora-lucia,Professora,Professora Lucia|Professora|professora lucia,escola,Escola,adulto,Professora de educacao financeira leve,"Ensina moedas, escolhas e combinados.",assets/characters/037-professora-lucia.png,pendente,escola|adulto|vila_pig,,,,
038,Professor Marcos,professor-marcos,Professor,Professor Marcos|Professor|professor marcos,escola,Escola,adulto,Professor de matematica do cotidiano,Transforma troco em aula simples.,assets/characters/038-professor-marcos.png,pendente,escola|adulto|vila_pig,,,,
039,Tio Naldo da Portaria,tio-naldo-da-portaria,Tio,Tio Naldo da Portaria|Tio|tio naldo da portaria,escola,Escola,adulto,Apoio da escola,Conhece todos pelo nome e cuida da rotina.,assets/characters/039-tio-naldo-da-portaria.png,pendente,escola|adulto|vila_pig,,,,
040,Dona Elza Coordenadora,dona-elza-coordenadora,Dona,Dona Elza Coordenadora|Dona|dona elza coordenadora,escola,Escola,adulto,Coordenadora escolar,Organiza projetos com responsabilidade.,assets/characters/040-dona-elza-coordenadora.png,pendente,escola|adulto|vila_pig,,,,
041,Aninha da Escola,aninha-da-escola,Aninha,Aninha da Escola|Aninha|aninha da escola,escola,Escola,crianca,Amiga de sala,Aprende metas em grupo.,assets/characters/041-aninha-da-escola.png,pendente,escola|crianca|vila_pig,,,,
042,Pedrinho da Escola,pedrinho-da-escola,Pedrinho,Pedrinho da Escola|Pedrinho|pedrinho da escola,escola,Escola,crianca,Amigo de sala,Gosta de desafios de contagem.,assets/characters/042-pedrinho-da-escola.png,pendente,escola|crianca|vila_pig,,,,
043,Luana do Gremio,luana-do-gremio,Luana,Luana do Gremio|Luana|luana do gremio,escola_eventos,Cantina e eventos escolares,adolescente,Representante estudantil,Ajuda campanhas supervisionadas.,assets/characters/043-luana-do-gremio.png,pendente,escola_eventos|cantina_e_eventos_escolares|adolescente|vila_pig,,,,
044,Mateus da Quadrilha,mateus-da-quadrilha,Mateus,Mateus da Quadrilha|Mateus|mateus da quadrilha,escola_eventos,Cantina e eventos escolares,adolescente,Participante de festa junina,Leva alegria sem consumo exagerado.,assets/characters/044-mateus-da-quadrilha.png,pendente,escola_eventos|cantina_e_eventos_escolares|adolescente|vila_pig,,,,
045,Malu Rainha do Milho,malu-rainha-do-milho,Malu,Malu Rainha do Milho|Malu|malu rainha do milho,escola_eventos,Cantina e eventos escolares,crianca,Personagem de festa junina,Representa cultura local com carinho.,assets/characters/045-malu-rainha-do-milho.png,pendente,escola_eventos|cantina_e_eventos_escolares|crianca|vila_pig,,,,
046,Caio dos Jogos da Juventude,caio-dos-jogos-da-juventude,Caio,Caio dos Jogos da Juventude|Caio|caio dos jogos da juventude,escola_eventos,Cantina e eventos escolares,adolescente,Participante esportivo,Valoriza disciplina e equipe.,assets/characters/046-caio-dos-jogos-da-juventude.png,pendente,escola_eventos|cantina_e_eventos_escolares|adolescente|vila_pig,,,,
047,Dona Graca da Mercearia,dona-graca-da-mercearia,Dona,Dona Graca da Mercearia|Dona|dona graca da mercearia,comercio_local,Comercio local,adulto,Dona de mercearia,Resolve falta de troco com simplicidade.,assets/characters/047-dona-graca-da-mercearia.png,pendente,comercio_local|adulto|vila_pig,,,,
048,Seu Ze da Bodega,seu-ze-da-bodega,Seu,Seu Ze da Bodega|Seu|seu ze da bodega,comercio_local,Comercio local,adulto,Dono de bodega,Conhece a vizinhanca e usa troco digital.,assets/characters/048-seu-ze-da-bodega.png,pendente,comercio_local|adulto|vila_pig,,,,
049,Cicero do Mercadinho,cicero-do-mercadinho,Cicero,Cicero do Mercadinho|Cicero|cicero do mercadinho,comercio_local,Comercio local,adulto,Dono de mercadinho,Atende familias do bairro.,assets/characters/049-cicero-do-mercadinho.png,pendente,comercio_local|adulto|vila_pig,,,,
050,Francisca da Farmacia,francisca-da-farmacia,Francisca,Francisca da Farmacia|Francisca|francisca da farmacia,comercio_local,Comercio local,adulto,Atendente de farmacia,Ajuda clientes com gentileza.,assets/characters/050-francisca-da-farmacia.png,pendente,comercio_local|adulto|vila_pig,,,,
051,Rafa da Lanchonete,rafa-da-lanchonete,Rafa,Rafa da Lanchonete|Rafa|rafa da lanchonete,comercio_local,Comercio local,jovem,Atendente de lanchonete,Usa linguagem simples com clientes.,assets/characters/051-rafa-da-lanchonete.png,pendente,comercio_local|jovem|vila_pig,,,,
052,Nandinho Garcom,nandinho-garcom,Nandinho,Nandinho Garcom|Nandinho|nandinho garcom,comercio_local,Comercio local,jovem,Garcom do restaurante,Oferece troco digital de forma educada.,assets/characters/052-nandinho-garcom.png,pendente,comercio_local|jovem|vila_pig,,,,
053,Dona Cida da Loja,dona-cida-da-loja,Dona,Dona Cida da Loja|Dona|dona cida da loja,comercio_local,Comercio local,adulto,Dona de loja,Cuida do caixa e dos clientes.,assets/characters/053-dona-cida-da-loja.png,pendente,comercio_local|adulto|vila_pig,,,,
054,Bento da Feira,bento-da-feira,Bento,Bento da Feira|Bento|bento da feira,comercio_local,Comercio local,adulto,Feirante,Mostra troco pequeno na feira.,assets/characters/054-bento-da-feira.png,pendente,comercio_local|adulto|vila_pig,,,,
055,Yasmin da Banquinha,yasmin-da-banquinha,Yasmin,Yasmin da Banquinha|Yasmin|yasmin da banquinha,comercio_local,Comercio local,jovem,Vendedora de banquinha,Ajuda em compras rapidas do bairro.,assets/characters/055-yasmin-da-banquinha.png,pendente,comercio_local|jovem|vila_pig,,,,
056,Davi Caixa do Mercado,davi-caixa-do-mercado,Davi,Davi Caixa do Mercado|Davi|davi caixa do mercado,comercio_local,Comercio local,jovem,Caixa de mercado,Representa rotina de troco no caixa.,assets/characters/056-davi-caixa-do-mercado.png,pendente,comercio_local|jovem|vila_pig,,,,
057,Vizinha Socorro,vizinha-socorro,Vizinha,Vizinha Socorro|Vizinha|vizinha socorro,vizinhanca,Vizinhanca,adulto,Vizinha que ajuda todo mundo,"Liga familias, escola e bairro.",assets/characters/057-vizinha-socorro.png,pendente,vizinhanca|adulto|vila_pig,,,,
058,Seu Ze Vizinho Antigo,seu-ze-vizinho-antigo,Seu,Seu Ze Vizinho Antigo|Seu|seu ze vizinho antigo,vizinhanca,Vizinhanca,senior,Vizinho antigo da rua,Guarda memoria da comunidade.,assets/characters/058-seu-ze-vizinho-antigo.png,pendente,vizinhanca|senior|vila_pig,,,,
059,Nena da Rua de Cima,nena-da-rua-de-cima,Nena,Nena da Rua de Cima|Nena|nena da rua de cima,vizinhanca,Vizinhanca,adulto,Moradora participativa,Ajuda em recados e combinados.,assets/characters/059-nena-da-rua-de-cima.png,pendente,vizinhanca|adulto|vila_pig,,,,
060,Lili da Rua de Baixo,lili-da-rua-de-baixo,Lili,Lili da Rua de Baixo|Lili|lili da rua de baixo,vizinhanca,Vizinhanca,crianca,Amiga da rua,Aprende com brincadeiras seguras.,assets/characters/060-lili-da-rua-de-baixo.png,pendente,vizinhanca|crianca|vila_pig,,,,
061,Rafa Sindico,rafa-sindico,Rafa,Rafa Sindico|Rafa|rafa sindico,vizinhanca,Vizinhanca,adulto,Sindico organizado,Ajuda a manter combinados claros.,assets/characters/061-rafa-sindico.png,pendente,vizinhanca|adulto|vila_pig,,,,
062,Familia Oliveira Recem-Chegada,familia-oliveira-recem-chegada,Familia,Familia Oliveira Recem-Chegada|Familia|familia oliveira recem chegada,vizinhanca,Vizinhanca,familia,Familia nova no bairro,Mostra acolhimento e comunidade.,assets/characters/062-familia-oliveira-recem-chegada.png,pendente,vizinhanca|familia|vila_pig,,,,
063,Tia Bela de Sao Paulo,tia-bela-de-sao-paulo,Tia,Tia Bela de Sao Paulo|Tia|tia bela de sao paulo,parentes_visitantes,Parentes e visitantes,adulto,Parente que mora longe,Visita a familia e manda Pig em datas especiais.,assets/characters/063-tia-bela-de-sao-paulo.png,pendente,parentes_visitantes|parentes_e_visitantes|adulto|vila_pig,,,,
064,Primo Dudu de Fora,primo-dudu-de-fora,Primo,Primo Dudu de Fora|Primo|primo dudu de fora,parentes_visitantes,Parentes e visitantes,jovem,Parente que mora fora do Brasil,Mantem vinculo familiar a distancia.,assets/characters/064-primo-dudu-de-fora.png,pendente,parentes_visitantes|parentes_e_visitantes|jovem|vila_pig,,,,
065,Madrinha Socorro,madrinha-socorro,Madrinha,Madrinha Socorro|Madrinha|madrinha socorro,relacoes_confianca,Relacoes de confianca,adulto,Madrinha presente,Acompanha metas com afeto.,assets/characters/065-madrinha-socorro.png,pendente,relacoes_confianca|relacoes_de_confianca|adulto|vila_pig,,,,
066,Padrinho Beto,padrinho-beto,Padrinho,Padrinho Beto|Padrinho|padrinho beto,relacoes_confianca,Relacoes de confianca,adulto,Padrinho parceiro,Ajuda em sonhos pequenos sem pressao.,assets/characters/066-padrinho-beto.png,pendente,relacoes_confianca|relacoes_de_confianca|adulto|vila_pig,,,,
067,Cuidadora Rosa,cuidadora-rosa,Cuidadora,Cuidadora Rosa|Cuidadora|cuidadora rosa,relacoes_confianca,Relacoes de confianca,adulto,Pessoa de cuidado,Representa responsabilidade e seguranca.,assets/characters/067-cuidadora-rosa.png,pendente,relacoes_confianca|relacoes_de_confianca|adulto|vila_pig,,,,
068,Amiga Lari,amiga-lari,Amiga,Amiga Lari|Amiga|amiga lari,relacoes_confianca,Relacoes de confianca,adolescente,Amiga de confianca,Compartilha metas saudaveis.,assets/characters/068-amiga-lari.png,pendente,relacoes_confianca|relacoes_de_confianca|adolescente|vila_pig,,,,
069,Amigo Bento,amigo-bento,Amigo,Amigo Bento|Amigo|amigo bento,relacoes_confianca,Relacoes de confianca,adolescente,Amigo de confianca,Incentiva escolhas boas.,assets/characters/069-amigo-bento.png,pendente,relacoes_confianca|relacoes_de_confianca|adolescente|vila_pig,,,,
070,Voluntaria Ana,voluntaria-ana,Voluntaria,Voluntaria Ana|Voluntaria|voluntaria ana,proposito_social,Proposito social futuro,adulto,Voluntaria de acao futura,Mostra solidariedade opcional.,assets/characters/070-voluntaria-ana.png,pendente,proposito_social|proposito_social_futuro|adulto|vila_pig,,,,
071,Protetor Davi,protetor-davi,Protetor,Protetor Davi|Protetor|protetor davi,proposito_social,Proposito social futuro,jovem,Protetor dos animais,Liga cuidado e comunidade.,assets/characters/071-protetor-davi.png,pendente,proposito_social|proposito_social_futuro|jovem|vila_pig,,,,
072,Dra Luiza do Hospital,dra-luiza-do-hospital,Dra,Dra Luiza do Hospital|Dra|dra luiza do hospital,proposito_social,Proposito social futuro,adulto,Profissional de saude em campanha futura,Representa doacoes futuras com responsabilidade.,assets/characters/072-dra-luiza-do-hospital.png,pendente,proposito_social|proposito_social_futuro|adulto|vila_pig,,,,
073,Mestre Joaquim da Horta,mestre-joaquim-da-horta,Mestre,Mestre Joaquim da Horta|Mestre|mestre joaquim da horta,educativo_comunidade,Comunidade educativa,senior,Educador de horta comunitaria,"Ensina paciencia, ciclo e cuidado.",assets/characters/073-mestre-joaquim-da-horta.png,pendente,educativo_comunidade|comunidade_educativa|senior|vila_pig,,,,
074,Tia Francisca dos Albuns,tia-francisca-dos-albuns,Tia,Tia Francisca dos Albuns|Tia|tia francisca dos albuns,educativo_comunidade,Comunidade educativa,adulto,Guardia de albuns educativos,Ajuda a organizar colecoes sem vicio.,assets/characters/074-tia-francisca-dos-albuns.png,pendente,educativo_comunidade|comunidade_educativa|adulto|vila_pig,,,,
075,Zeca do Coco,zeca-do-coco,Zeca,Zeca do Coco|Zeca|zeca do coco,familia_estendida,Familia estendida,adulto,Parente ou pessoa proxima da familia,Fortalece vinculos familiares e pequenos combinados.,assets/characters/075-zeca-do-coco.png,pendente,familia_estendida|adulto|vila_pig,,,,
076,Dona Iraci da Feira,dona-iraci-da-feira,Dona,Dona Iraci da Feira|Dona|dona iraci da feira,escola,Escola,crianca,"Aluno, educador ou apoio escolar","Apoia aprendizado de moedas, metas e escolhas.",assets/characters/076-dona-iraci-da-feira.png,pendente,escola|crianca|vila_pig,,,,
077,Seu Manoel do Acougue,seu-manoel-do-acougue,Seu,Seu Manoel do Acougue|Seu|seu manoel do acougue,escola_eventos,Cantina e eventos escolares,adolescente,Personagem de evento escolar supervisionado,Ajuda a explicar arrecadacoes e festas sem pressao.,assets/characters/077-seu-manoel-do-acougue.png,pendente,escola_eventos|cantina_e_eventos_escolares|adolescente|vila_pig,,,,
078,Lia do Bazar,lia-do-bazar,Lia,Lia do Bazar|Lia|lia do bazar,comercio_local,Comercio local,adulto,Pessoa do comercio de bairro,Mostra o problema da falta de moeda e do troco miudo.,assets/characters/078-lia-do-bazar.png,pendente,comercio_local|adulto|vila_pig,,,,
079,Nina da Biblioteca,nina-da-biblioteca,Nina,Nina da Biblioteca|Nina|nina da biblioteca,vizinhanca,Vizinhanca,adulto,Morador ou familia da comunidade,"Reforca convivencia, respeito e ajuda mutua.",assets/characters/079-nina-da-biblioteca.png,pendente,vizinhanca|adulto|vila_pig,,,,
080,Bruno da Bicicletaria,bruno-da-bicicletaria,Bruno,Bruno da Bicicletaria|Bruno|bruno da bicicletaria,relacoes_confianca,Relacoes de confianca,adulto,Pessoa autorizada ou de confianca,Representa cuidado e vinculos seguros.,assets/characters/080-bruno-da-bicicletaria.png,pendente,relacoes_confianca|relacoes_de_confianca|adulto|vila_pig,,,,
081,Dona Fafa da Costura,dona-fafa-da-costura,Dona,Dona Fafa da Costura|Dona|dona fafa da costura,proposito_social,Proposito social futuro,adulto,Personagem de solidariedade futura,"Mostra doacao opcional, sem pressao.",assets/characters/081-dona-fafa-da-costura.png,pendente,proposito_social|proposito_social_futuro|adulto|vila_pig,,,,
082,Seu Osmar do Sapato,seu-osmar-do-sapato,Seu,Seu Osmar do Sapato|Seu|seu osmar do sapato,educativo_comunidade,Comunidade educativa,senior,Guardiao de saberes locais,Ensina pelo exemplo e pela memoria comunitaria.,assets/characters/082-seu-osmar-do-sapato.png,pendente,educativo_comunidade|comunidade_educativa|senior|vila_pig,,,,
083,Clara da Papelaria,clara-da-papelaria,Clara,Clara da Papelaria|Clara|clara da papelaria,familia_estendida,Familia estendida,adulto,Parente ou pessoa proxima da familia,Fortalece vinculos familiares e pequenos combinados.,assets/characters/083-clara-da-papelaria.png,pendente,familia_estendida|adulto|vila_pig,,,,
084,Juca da Tapioca,juca-da-tapioca,Juca,Juca da Tapioca|Juca|juca da tapioca,escola,Escola,crianca,"Aluno, educador ou apoio escolar","Apoia aprendizado de moedas, metas e escolhas.",assets/characters/084-juca-da-tapioca.png,pendente,escola|crianca|vila_pig,,,,
085,Dona Mira do Cafe,dona-mira-do-cafe,Dona,Dona Mira do Cafe|Dona|dona mira do cafe,escola_eventos,Cantina e eventos escolares,adolescente,Personagem de evento escolar supervisionado,Ajuda a explicar arrecadacoes e festas sem pressao.,assets/characters/085-dona-mira-do-cafe.png,pendente,escola_eventos|cantina_e_eventos_escolares|adolescente|vila_pig,,,,
086,Paulo do Transporte,paulo-do-transporte,Paulo,Paulo do Transporte|Paulo|paulo do transporte,comercio_local,Comercio local,adulto,Pessoa do comercio de bairro,Mostra o problema da falta de moeda e do troco miudo.,assets/characters/086-paulo-do-transporte.png,pendente,comercio_local|adulto|vila_pig,,,,
087,Rita da Floricultura,rita-da-floricultura,Rita,Rita da Floricultura|Rita|rita da floricultura,vizinhanca,Vizinhanca,adulto,Morador ou familia da comunidade,"Reforca convivencia, respeito e ajuda mutua.",assets/characters/087-rita-da-floricultura.png,pendente,vizinhanca|adulto|vila_pig,,,,
088,Gil do Sorvete,gil-do-sorvete,Gil,Gil do Sorvete|Gil|gil do sorvete,relacoes_confianca,Relacoes de confianca,adulto,Pessoa autorizada ou de confianca,Representa cuidado e vinculos seguros.,assets/characters/088-gil-do-sorvete.png,pendente,relacoes_confianca|relacoes_de_confianca|adulto|vila_pig,,,,
089,Nara da Peixaria,nara-da-peixaria,Nara,Nara da Peixaria|Nara|nara da peixaria,proposito_social,Proposito social futuro,adulto,Personagem de solidariedade futura,"Mostra doacao opcional, sem pressao.",assets/characters/089-nara-da-peixaria.png,pendente,proposito_social|proposito_social_futuro|adulto|vila_pig,,,,
090,Beto do Caldo,beto-do-caldo,Beto,Beto do Caldo|Beto|beto do caldo,educativo_comunidade,Comunidade educativa,senior,Guardiao de saberes locais,Ensina pelo exemplo e pela memoria comunitaria.,assets/characters/090-beto-do-caldo.png,pendente,educativo_comunidade|comunidade_educativa|senior|vila_pig,,,,
091,Teca da Horta,teca-da-horta,Teca,Teca da Horta|Teca|teca da horta,familia_estendida,Familia estendida,adulto,Parente ou pessoa proxima da familia,Fortalece vinculos familiares e pequenos combinados.,assets/characters/091-teca-da-horta.png,pendente,familia_estendida|adulto|vila_pig,,,,
092,Miro da Oficina,miro-da-oficina,Miro,Miro da Oficina|Miro|miro da oficina,escola,Escola,crianca,"Aluno, educador ou apoio escolar","Apoia aprendizado de moedas, metas e escolhas.",assets/characters/092-miro-da-oficina.png,pendente,escola|crianca|vila_pig,,,,
093,Lena da Pracinha,lena-da-pracinha,Lena,Lena da Pracinha|Lena|lena da pracinha,escola_eventos,Cantina e eventos escolares,adolescente,Personagem de evento escolar supervisionado,Ajuda a explicar arrecadacoes e festas sem pressao.,assets/characters/093-lena-da-pracinha.png,pendente,escola_eventos|cantina_e_eventos_escolares|adolescente|vila_pig,,,,
094,Samuel do Mercado,samuel-do-mercado,Samuel,Samuel do Mercado|Samuel|samuel do mercado,comercio_local,Comercio local,adulto,Pessoa do comercio de bairro,Mostra o problema da falta de moeda e do troco miudo.,assets/characters/094-samuel-do-mercado.png,pendente,comercio_local|adulto|vila_pig,,,,
095,Dona Vanda da Casa Azul,dona-vanda-da-casa-azul,Dona,Dona Vanda da Casa Azul|Dona|dona vanda da casa azul,vizinhanca,Vizinhanca,adulto,Morador ou familia da comunidade,"Reforca convivencia, respeito e ajuda mutua.",assets/characters/095-dona-vanda-da-casa-azul.png,pendente,vizinhanca|adulto|vila_pig,,,,
096,Seu Ari da Rua Nova,seu-ari-da-rua-nova,Seu,Seu Ari da Rua Nova|Seu|seu ari da rua nova,relacoes_confianca,Relacoes de confianca,adulto,Pessoa autorizada ou de confianca,Representa cuidado e vinculos seguros.,assets/characters/096-seu-ari-da-rua-nova.png,pendente,relacoes_confianca|relacoes_de_confianca|adulto|vila_pig,,,,
097,Cris da Escola,cris-da-escola,Cris,Cris da Escola|Cris|cris da escola,proposito_social,Proposito social futuro,adulto,Personagem de solidariedade futura,"Mostra doacao opcional, sem pressao.",assets/characters/097-cris-da-escola.png,pendente,proposito_social|proposito_social_futuro|adulto|vila_pig,,,,
098,Fabio do Esporte,fabio-do-esporte,Fabio,Fabio do Esporte|Fabio|fabio do esporte,educativo_comunidade,Comunidade educativa,senior,Guardiao de saberes locais,Ensina pelo exemplo e pela memoria comunitaria.,assets/characters/098-fabio-do-esporte.png,pendente,educativo_comunidade|comunidade_educativa|senior|vila_pig,,,,
099,Sol da Quadrilha,sol-da-quadrilha,Sol,Sol da Quadrilha|Sol|sol da quadrilha,familia_estendida,Familia estendida,adulto,Parente ou pessoa proxima da familia,Fortalece vinculos familiares e pequenos combinados.,assets/characters/099-sol-da-quadrilha.png,pendente,familia_estendida|adulto|vila_pig,,,,
100,Mila do Teatro,mila-do-teatro,Mila,Mila do Teatro|Mila|mila do teatro,escola,Escola,crianca,"Aluno, educador ou apoio escolar","Apoia aprendizado de moedas, metas e escolhas.",assets/characters/100-mila-do-teatro.png,pendente,escola|crianca|vila_pig,,,,
101,Gabi do Coral,gabi-do-coral,Gabi,Gabi do Coral|Gabi|gabi do coral,escola_eventos,Cantina e eventos escolares,adolescente,Personagem de evento escolar supervisionado,Ajuda a explicar arrecadacoes e festas sem pressao.,assets/characters/101-gabi-do-coral.png,pendente,escola_eventos|cantina_e_eventos_escolares|adolescente|vila_pig,,,,
102,Luan da Robotica,luan-da-robotica,Luan,Luan da Robotica|Luan|luan da robotica,comercio_local,Comercio local,adulto,Pessoa do comercio de bairro,Mostra o problema da falta de moeda e do troco miudo.,assets/characters/102-luan-da-robotica.png,pendente,comercio_local|adulto|vila_pig,,,,
103,Iara do Desenho,iara-do-desenho,Iara,Iara do Desenho|Iara|iara do desenho,vizinhanca,Vizinhanca,adulto,Morador ou familia da comunidade,"Reforca convivencia, respeito e ajuda mutua.",assets/characters/103-iara-do-desenho.png,pendente,vizinhanca|adulto|vila_pig,,,,
104,Noe da Capoeira,noe-da-capoeira,Noe,Noe da Capoeira|Noe|noe da capoeira,relacoes_confianca,Relacoes de confianca,adulto,Pessoa autorizada ou de confianca,Representa cuidado e vinculos seguros.,assets/characters/104-noe-da-capoeira.png,pendente,relacoes_confianca|relacoes_de_confianca|adulto|vila_pig,,,,
105,Tina da Biblioteca Movel,tina-da-biblioteca-movel,Tina,Tina da Biblioteca Movel|Tina|tina da biblioteca movel,proposito_social,Proposito social futuro,adulto,Personagem de solidariedade futura,"Mostra doacao opcional, sem pressao.",assets/characters/105-tina-da-biblioteca-movel.png,pendente,proposito_social|proposito_social_futuro|adulto|vila_pig,,,,
106,Dona Quiteria da Tapioca,dona-quiteria-da-tapioca,Dona,Dona Quiteria da Tapioca|Dona|dona quiteria da tapioca,educativo_comunidade,Comunidade educativa,senior,Guardiao de saberes locais,Ensina pelo exemplo e pela memoria comunitaria.,assets/characters/106-dona-quiteria-da-tapioca.png,pendente,educativo_comunidade|comunidade_educativa|senior|vila_pig,,,,
107,Seu Firmino do Milho,seu-firmino-do-milho,Seu,Seu Firmino do Milho|Seu|seu firmino do milho,familia_estendida,Familia estendida,adulto,Parente ou pessoa proxima da familia,Fortalece vinculos familiares e pequenos combinados.,assets/characters/107-seu-firmino-do-milho.png,pendente,familia_estendida|adulto|vila_pig,,,,
108,Rosa da Barraca,rosa-da-barraca,Rosa,Rosa da Barraca|Rosa|rosa da barraca,escola,Escola,crianca,"Aluno, educador ou apoio escolar","Apoia aprendizado de moedas, metas e escolhas.",assets/characters/108-rosa-da-barraca.png,pendente,escola|crianca|vila_pig,,,,
109,Dora da Festa Junina,dora-da-festa-junina,Dora,Dora da Festa Junina|Dora|dora da festa junina,escola_eventos,Cantina e eventos escolares,adolescente,Personagem de evento escolar supervisionado,Ajuda a explicar arrecadacoes e festas sem pressao.,assets/characters/109-dora-da-festa-junina.png,pendente,escola_eventos|cantina_e_eventos_escolares|adolescente|vila_pig,,,,
110,Marta da Arrecadacao,marta-da-arrecadacao,Marta,Marta da Arrecadacao|Marta|marta da arrecadacao,comercio_local,Comercio local,adulto,Pessoa do comercio de bairro,Mostra o problema da falta de moeda e do troco miudo.,assets/characters/110-marta-da-arrecadacao.png,pendente,comercio_local|adulto|vila_pig,,,,
111,Ivo do Congresso Escolar,ivo-do-congresso-escolar,Ivo,Ivo do Congresso Escolar|Ivo|ivo do congresso escolar,vizinhanca,Vizinhanca,adulto,Morador ou familia da comunidade,"Reforca convivencia, respeito e ajuda mutua.",assets/characters/111-ivo-do-congresso-escolar.png,pendente,vizinhanca|adulto|vila_pig,,,,
112,Leo da Cantina,leo-da-cantina,Leo,Leo da Cantina|Leo|leo da cantina,relacoes_confianca,Relacoes de confianca,adulto,Pessoa autorizada ou de confianca,Representa cuidado e vinculos seguros.,assets/characters/112-leo-da-cantina.png,pendente,relacoes_confianca|relacoes_de_confianca|adulto|vila_pig,,,,
113,Beta da Gincana,beta-da-gincana,Beta,Beta da Gincana|Beta|beta da gincana,proposito_social,Proposito social futuro,adulto,Personagem de solidariedade futura,"Mostra doacao opcional, sem pressao.",assets/characters/113-beta-da-gincana.png,pendente,proposito_social|proposito_social_futuro|adulto|vila_pig,,,,
114,Zuleide da Coordenacao,zuleide-da-coordenacao,Zuleide,Zuleide da Coordenacao|Zuleide|zuleide da coordenacao,educativo_comunidade,Comunidade educativa,senior,Guardiao de saberes locais,Ensina pelo exemplo e pela memoria comunitaria.,assets/characters/114-zuleide-da-coordenacao.png,pendente,educativo_comunidade|comunidade_educativa|senior|vila_pig,,,,
115,Nico do Xadrez,nico-do-xadrez,Nico,Nico do Xadrez|Nico|nico do xadrez,familia_estendida,Familia estendida,adulto,Parente ou pessoa proxima da familia,Fortalece vinculos familiares e pequenos combinados.,assets/characters/115-nico-do-xadrez.png,pendente,familia_estendida|adulto|vila_pig,,,,
116,Sofia das Moedas,sofia-das-moedas,Sofia,Sofia das Moedas|Sofia|sofia das moedas,escola,Escola,crianca,"Aluno, educador ou apoio escolar","Apoia aprendizado de moedas, metas e escolhas.",assets/characters/116-sofia-das-moedas.png,pendente,escola|crianca|vila_pig,,,,
117,Theo do Cofrinho,theo-do-cofrinho,Theo,Theo do Cofrinho|Theo|theo do cofrinho,escola_eventos,Cantina e eventos escolares,adolescente,Personagem de evento escolar supervisionado,Ajuda a explicar arrecadacoes e festas sem pressao.,assets/characters/117-theo-do-cofrinho.png,pendente,escola_eventos|cantina_e_eventos_escolares|adolescente|vila_pig,,,,
118,Mirela da Meta,mirela-da-meta,Mirela,Mirela da Meta|Mirela|mirela da meta,comercio_local,Comercio local,adulto,Pessoa do comercio de bairro,Mostra o problema da falta de moeda e do troco miudo.,assets/characters/118-mirela-da-meta.png,pendente,comercio_local|adulto|vila_pig,,,,
119,Vivi do Sonho,vivi-do-sonho,Vivi,Vivi do Sonho|Vivi|vivi do sonho,vizinhanca,Vizinhanca,adulto,Morador ou familia da comunidade,"Reforca convivencia, respeito e ajuda mutua.",assets/characters/119-vivi-do-sonho.png,pendente,vizinhanca|adulto|vila_pig,,,,
120,Otavio da Planilha,otavio-da-planilha,Otavio,Otavio da Planilha|Otavio|otavio da planilha,relacoes_confianca,Relacoes de confianca,adulto,Pessoa autorizada ou de confianca,Representa cuidado e vinculos seguros.,assets/characters/120-otavio-da-planilha.png,pendente,relacoes_confianca|relacoes_de_confianca|adulto|vila_pig,,,,
121,Celina do Diario,celina-do-diario,Celina,Celina do Diario|Celina|celina do diario,proposito_social,Proposito social futuro,adulto,Personagem de solidariedade futura,"Mostra doacao opcional, sem pressao.",assets/characters/121-celina-do-diario.png,pendente,proposito_social|proposito_social_futuro|adulto|vila_pig,,,,
122,Lara da Mesada,lara-da-mesada,Lara,Lara da Mesada|Lara|lara da mesada,educativo_comunidade,Comunidade educativa,senior,Guardiao de saberes locais,Ensina pelo exemplo e pela memoria comunitaria.,assets/characters/122-lara-da-mesada.png,pendente,educativo_comunidade|comunidade_educativa|senior|vila_pig,,,,
123,Hugo do Porquinho,hugo-do-porquinho,Hugo,Hugo do Porquinho|Hugo|hugo do porquinho,familia_estendida,Familia estendida,adulto,Parente ou pessoa proxima da familia,Fortalece vinculos familiares e pequenos combinados.,assets/characters/123-hugo-do-porquinho.png,pendente,familia_estendida|adulto|vila_pig,,,,
124,Renata do Planejamento,renata-do-planejamento,Renata,Renata do Planejamento|Renata|renata do planejamento,escola,Escola,crianca,"Aluno, educador ou apoio escolar","Apoia aprendizado de moedas, metas e escolhas.",assets/characters/124-renata-do-planejamento.png,pendente,escola|crianca|vila_pig,,,,
125,Dona Noemia da Igreja,dona-noemia-da-igreja,Dona,Dona Noemia da Igreja|Dona|dona noemia da igreja,escola_eventos,Cantina e eventos escolares,adolescente,Personagem de evento escolar supervisionado,Ajuda a explicar arrecadacoes e festas sem pressao.,assets/characters/125-dona-noemia-da-igreja.png,pendente,escola_eventos|cantina_e_eventos_escolares|adolescente|vila_pig,,,,
126,Seu Abel da Praca,seu-abel-da-praca,Seu,Seu Abel da Praca|Seu|seu abel da praca,comercio_local,Comercio local,adulto,Pessoa do comercio de bairro,Mostra o problema da falta de moeda e do troco miudo.,assets/characters/126-seu-abel-da-praca.png,pendente,comercio_local|adulto|vila_pig,,,,
127,Luzia da Rua Alta,luzia-da-rua-alta,Luzia,Luzia da Rua Alta|Luzia|luzia da rua alta,vizinhanca,Vizinhanca,adulto,Morador ou familia da comunidade,"Reforca convivencia, respeito e ajuda mutua.",assets/characters/127-luzia-da-rua-alta.png,pendente,vizinhanca|adulto|vila_pig,,,,
128,Marquinhos do Bairro,marquinhos-do-bairro,Marquinhos,Marquinhos do Bairro|Marquinhos|marquinhos do bairro,relacoes_confianca,Relacoes de confianca,adulto,Pessoa autorizada ou de confianca,Representa cuidado e vinculos seguros.,assets/characters/128-marquinhos-do-bairro.png,pendente,relacoes_confianca|relacoes_de_confianca|adulto|vila_pig,,,,
129,Dalva do Quintal,dalva-do-quintal,Dalva,Dalva do Quintal|Dalva|dalva do quintal,proposito_social,Proposito social futuro,adulto,Personagem de solidariedade futura,"Mostra doacao opcional, sem pressao.",assets/characters/129-dalva-do-quintal.png,pendente,proposito_social|proposito_social_futuro|adulto|vila_pig,,,,
130,Rute do Interior,rute-do-interior,Rute,Rute do Interior|Rute|rute do interior,educativo_comunidade,Comunidade educativa,senior,Guardiao de saberes locais,Ensina pelo exemplo e pela memoria comunitaria.,assets/characters/130-rute-do-interior.png,pendente,educativo_comunidade|comunidade_educativa|senior|vila_pig,,,,
131,Elias da Cidade Grande,elias-da-cidade-grande,Elias,Elias da Cidade Grande|Elias|elias da cidade grande,familia_estendida,Familia estendida,adulto,Parente ou pessoa proxima da familia,Fortalece vinculos familiares e pequenos combinados.,assets/characters/131-elias-da-cidade-grande.png,pendente,familia_estendida|adulto|vila_pig,,,,
132,Fatima da Rodoviaria,fatima-da-rodoviaria,Fatima,Fatima da Rodoviaria|Fatima|fatima da rodoviaria,escola,Escola,crianca,"Aluno, educador ou apoio escolar","Apoia aprendizado de moedas, metas e escolhas.",assets/characters/132-fatima-da-rodoviaria.png,pendente,escola|crianca|vila_pig,,,,
133,Cacau do Mercadinho,cacau-do-mercadinho,Cacau,Cacau do Mercadinho|Cacau|cacau do mercadinho,escola_eventos,Cantina e eventos escolares,adolescente,Personagem de evento escolar supervisionado,Ajuda a explicar arrecadacoes e festas sem pressao.,assets/characters/133-cacau-do-mercadinho.png,pendente,escola_eventos|cantina_e_eventos_escolares|adolescente|vila_pig,,,,
134,Toni da Farmacia,toni-da-farmacia,Toni,Toni da Farmacia|Toni|toni da farmacia,comercio_local,Comercio local,adulto,Pessoa do comercio de bairro,Mostra o problema da falta de moeda e do troco miudo.,assets/characters/134-toni-da-farmacia.png,pendente,comercio_local|adulto|vila_pig,,,,
135,Mel da Lanchonete,mel-da-lanchonete,Mel,Mel da Lanchonete|Mel|mel da lanchonete,vizinhanca,Vizinhanca,adulto,Morador ou familia da comunidade,"Reforca convivencia, respeito e ajuda mutua.",assets/characters/135-mel-da-lanchonete.png,pendente,vizinhanca|adulto|vila_pig,,,,
136,Dona Ivone da Padaria,dona-ivone-da-padaria,Dona,Dona Ivone da Padaria|Dona|dona ivone da padaria,relacoes_confianca,Relacoes de confianca,adulto,Pessoa autorizada ou de confianca,Representa cuidado e vinculos seguros.,assets/characters/136-dona-ivone-da-padaria.png,pendente,relacoes_confianca|relacoes_de_confianca|adulto|vila_pig,,,,
137,Seu Pedro da Feira,seu-pedro-da-feira,Seu,Seu Pedro da Feira|Seu|seu pedro da feira,proposito_social,Proposito social futuro,adulto,Personagem de solidariedade futura,"Mostra doacao opcional, sem pressao.",assets/characters/137-seu-pedro-da-feira.png,pendente,proposito_social|proposito_social_futuro|adulto|vila_pig,,,,
138,Sil da Loja,sil-da-loja,Sil,Sil da Loja|Sil|sil da loja,educativo_comunidade,Comunidade educativa,senior,Guardiao de saberes locais,Ensina pelo exemplo e pela memoria comunitaria.,assets/characters/138-sil-da-loja.png,pendente,educativo_comunidade|comunidade_educativa|senior|vila_pig,,,,
139,Marina Caixa,marina-caixa,Marina,Marina Caixa|Marina|marina caixa,familia_estendida,Familia estendida,adulto,Parente ou pessoa proxima da familia,Fortalece vinculos familiares e pequenos combinados.,assets/characters/139-marina-caixa.png,pendente,familia_estendida|adulto|vila_pig,,,,
140,Val do Restaurante,val-do-restaurante,Val,Val do Restaurante|Val|val do restaurante,escola,Escola,crianca,"Aluno, educador ou apoio escolar","Apoia aprendizado de moedas, metas e escolhas.",assets/characters/140-val-do-restaurante.png,pendente,escola|crianca|vila_pig,,,,
141,Guga Garcom,guga-garcom,Guga,Guga Garcom|Guga|guga garcom,escola_eventos,Cantina e eventos escolares,adolescente,Personagem de evento escolar supervisionado,Ajuda a explicar arrecadacoes e festas sem pressao.,assets/characters/141-guga-garcom.png,pendente,escola_eventos|cantina_e_eventos_escolares|adolescente|vila_pig,,,,
142,Mara Atendente,mara-atendente,Mara,Mara Atendente|Mara|mara atendente,comercio_local,Comercio local,adulto,Pessoa do comercio de bairro,Mostra o problema da falta de moeda e do troco miudo.,assets/characters/142-mara-atendente.png,pendente,comercio_local|adulto|vila_pig,,,,
143,Nelson Cliente,nelson-cliente,Nelson,Nelson Cliente|Nelson|nelson cliente,vizinhanca,Vizinhanca,adulto,Morador ou familia da comunidade,"Reforca convivencia, respeito e ajuda mutua.",assets/characters/143-nelson-cliente.png,pendente,vizinhanca|adulto|vila_pig,,,,
144,Joana da Mercearia,joana-da-mercearia,Joana,Joana da Mercearia|Joana|joana da mercearia,relacoes_confianca,Relacoes de confianca,adulto,Pessoa autorizada ou de confianca,Representa cuidado e vinculos seguros.,assets/characters/144-joana-da-mercearia.png,pendente,relacoes_confianca|relacoes_de_confianca|adulto|vila_pig,,,,
145,Sandro da Bodega,sandro-da-bodega,Sandro,Sandro da Bodega|Sandro|sandro da bodega,proposito_social,Proposito social futuro,adulto,Personagem de solidariedade futura,"Mostra doacao opcional, sem pressao.",assets/characters/145-sandro-da-bodega.png,pendente,proposito_social|proposito_social_futuro|adulto|vila_pig,,,,
146,Dona Olga da Banquinha,dona-olga-da-banquinha,Dona,Dona Olga da Banquinha|Dona|dona olga da banquinha,educativo_comunidade,Comunidade educativa,senior,Guardiao de saberes locais,Ensina pelo exemplo e pela memoria comunitaria.,assets/characters/146-dona-olga-da-banquinha.png,pendente,educativo_comunidade|comunidade_educativa|senior|vila_pig,,,,
147,Seu Getulio do Armazem,seu-getulio-do-armazem,Seu,Seu Getulio do Armazem|Seu|seu getulio do armazem,familia_estendida,Familia estendida,adulto,Parente ou pessoa proxima da familia,Fortalece vinculos familiares e pequenos combinados.,assets/characters/147-seu-getulio-do-armazem.png,pendente,familia_estendida|adulto|vila_pig,,,,
148,Lourenco do Frango,lourenco-do-frango,Lourenco,Lourenco do Frango|Lourenco|lourenco do frango,escola,Escola,crianca,"Aluno, educador ou apoio escolar","Apoia aprendizado de moedas, metas e escolhas.",assets/characters/148-lourenco-do-frango.png,pendente,escola|crianca|vila_pig,,,,
149,Berenice da Doceria,berenice-da-doceria,Berenice,Berenice da Doceria|Berenice|berenice da doceria,escola_eventos,Cantina e eventos escolares,adolescente,Personagem de evento escolar supervisionado,Ajuda a explicar arrecadacoes e festas sem pressao.,assets/characters/149-berenice-da-doceria.png,pendente,escola_eventos|cantina_e_eventos_escolares|adolescente|vila_pig,,,,
150,Aline do Brecho,aline-do-brecho,Aline,Aline do Brecho|Aline|aline do brecho,comercio_local,Comercio local,adulto,Pessoa do comercio de bairro,Mostra o problema da falta de moeda e do troco miudo.,assets/characters/150-aline-do-brecho.png,pendente,comercio_local|adulto|vila_pig,,,,
151,Vitor da Papelaria,vitor-da-papelaria,Vitor,Vitor da Papelaria|Vitor|vitor da papelaria,vizinhanca,Vizinhanca,adulto,Morador ou familia da comunidade,"Reforca convivencia, respeito e ajuda mutua.",assets/characters/151-vitor-da-papelaria.png,pendente,vizinhanca|adulto|vila_pig,,,,
152,Paty da Cantina,paty-da-cantina,Paty,Paty da Cantina|Paty|paty da cantina,relacoes_confianca,Relacoes de confianca,adulto,Pessoa autorizada ou de confianca,Representa cuidado e vinculos seguros.,assets/characters/152-paty-da-cantina.png,pendente,relacoes_confianca|relacoes_de_confianca|adulto|vila_pig,,,,
153,Ruan da Escola,ruan-da-escola,Ruan,Ruan da Escola|Ruan|ruan da escola,proposito_social,Proposito social futuro,adulto,Personagem de solidariedade futura,"Mostra doacao opcional, sem pressao.",assets/characters/153-ruan-da-escola.png,pendente,proposito_social|proposito_social_futuro|adulto|vila_pig,,,,
154,Kelly da Turma,kelly-da-turma,Kelly,Kelly da Turma|Kelly|kelly da turma,educativo_comunidade,Comunidade educativa,senior,Guardiao de saberes locais,Ensina pelo exemplo e pela memoria comunitaria.,assets/characters/154-kelly-da-turma.png,pendente,educativo_comunidade|comunidade_educativa|senior|vila_pig,,,,
155,Neto do Gremio,neto-do-gremio,Neto,Neto do Gremio|Neto|neto do gremio,familia_estendida,Familia estendida,adulto,Parente ou pessoa proxima da familia,Fortalece vinculos familiares e pequenos combinados.,assets/characters/155-neto-do-gremio.png,pendente,familia_estendida|adulto|vila_pig,,,,
156,Duda da Sala,duda-da-sala,Duda,Duda da Sala|Duda|duda da sala,escola,Escola,crianca,"Aluno, educador ou apoio escolar","Apoia aprendizado de moedas, metas e escolhas.",assets/characters/156-duda-da-sala.png,pendente,escola|crianca|vila_pig,,,,
157,Livia da Leitura,livia-da-leitura,Livia,Livia da Leitura|Livia|livia da leitura,escola_eventos,Cantina e eventos escolares,adolescente,Personagem de evento escolar supervisionado,Ajuda a explicar arrecadacoes e festas sem pressao.,assets/characters/157-livia-da-leitura.png,pendente,escola_eventos|cantina_e_eventos_escolares|adolescente|vila_pig,,,,
158,Miguel da Conta,miguel-da-conta,Miguel,Miguel da Conta|Miguel|miguel da conta,comercio_local,Comercio local,adulto,Pessoa do comercio de bairro,Mostra o problema da falta de moeda e do troco miudo.,assets/characters/158-miguel-da-conta.png,pendente,comercio_local|adulto|vila_pig,,,,
159,Carol da Tabuada,carol-da-tabuada,Carol,Carol da Tabuada|Carol|carol da tabuada,vizinhanca,Vizinhanca,adulto,Morador ou familia da comunidade,"Reforca convivencia, respeito e ajuda mutua.",assets/characters/159-carol-da-tabuada.png,pendente,vizinhanca|adulto|vila_pig,,,,
160,Breno da Corrida,breno-da-corrida,Breno,Breno da Corrida|Breno|breno da corrida,relacoes_confianca,Relacoes de confianca,adulto,Pessoa autorizada ou de confianca,Representa cuidado e vinculos seguros.,assets/characters/160-breno-da-corrida.png,pendente,relacoes_confianca|relacoes_de_confianca|adulto|vila_pig,,,,
161,Jade da Feira de Ciencias,jade-da-feira-de-ciencias,Jade,Jade da Feira de Ciencias|Jade|jade da feira de ciencias,proposito_social,Proposito social futuro,adulto,Personagem de solidariedade futura,"Mostra doacao opcional, sem pressao.",assets/characters/161-jade-da-feira-de-ciencias.png,pendente,proposito_social|proposito_social_futuro|adulto|vila_pig,,,,
162,Amanda da Familia,amanda-da-familia,Amanda,Amanda da Familia|Amanda|amanda da familia,educativo_comunidade,Comunidade educativa,senior,Guardiao de saberes locais,Ensina pelo exemplo e pela memoria comunitaria.,assets/characters/162-amanda-da-familia.png,pendente,educativo_comunidade|comunidade_educativa|senior|vila_pig,,,,
163,Ricardo Responsavel,ricardo-responsavel,Ricardo,Ricardo Responsavel|Ricardo|ricardo responsavel,familia_estendida,Familia estendida,adulto,Parente ou pessoa proxima da familia,Fortalece vinculos familiares e pequenos combinados.,assets/characters/163-ricardo-responsavel.png,pendente,familia_estendida|adulto|vila_pig,,,,
164,Sueli Cuidadora,sueli-cuidadora,Sueli,Sueli Cuidadora|Sueli|sueli cuidadora,escola,Escola,crianca,"Aluno, educador ou apoio escolar","Apoia aprendizado de moedas, metas e escolhas.",assets/characters/164-sueli-cuidadora.png,pendente,escola|crianca|vila_pig,,,,
165,Tadeu Cuidador,tadeu-cuidador,Tadeu,Tadeu Cuidador|Tadeu|tadeu cuidador,escola_eventos,Cantina e eventos escolares,adolescente,Personagem de evento escolar supervisionado,Ajuda a explicar arrecadacoes e festas sem pressao.,assets/characters/165-tadeu-cuidador.png,pendente,escola_eventos|cantina_e_eventos_escolares|adolescente|vila_pig,,,,
166,Branca Madrinha,branca-madrinha,Branca,Branca Madrinha|Branca|branca madrinha,comercio_local,Comercio local,adulto,Pessoa do comercio de bairro,Mostra o problema da falta de moeda e do troco miudo.,assets/characters/166-branca-madrinha.png,pendente,comercio_local|adulto|vila_pig,,,,
167,Cesar Padrinho,cesar-padrinho,Cesar,Cesar Padrinho|Cesar|cesar padrinho,vizinhanca,Vizinhanca,adulto,Morador ou familia da comunidade,"Reforca convivencia, respeito e ajuda mutua.",assets/characters/167-cesar-padrinho.png,pendente,vizinhanca|adulto|vila_pig,,,,
168,Marcia Tia de Fora,marcia-tia-de-fora,Marcia,Marcia Tia de Fora|Marcia|marcia tia de fora,relacoes_confianca,Relacoes de confianca,adulto,Pessoa autorizada ou de confianca,Representa cuidado e vinculos seguros.,assets/characters/168-marcia-tia-de-fora.png,pendente,relacoes_confianca|relacoes_de_confianca|adulto|vila_pig,,,,
169,Ivan Primo Visitante,ivan-primo-visitante,Ivan,Ivan Primo Visitante|Ivan|ivan primo visitante,proposito_social,Proposito social futuro,adulto,Personagem de solidariedade futura,"Mostra doacao opcional, sem pressao.",assets/characters/169-ivan-primo-visitante.png,pendente,proposito_social|proposito_social_futuro|adulto|vila_pig,,,,
170,Helio Vizinho,helio-vizinho,Helio,Helio Vizinho|Helio|helio vizinho,educativo_comunidade,Comunidade educativa,senior,Guardiao de saberes locais,Ensina pelo exemplo e pela memoria comunitaria.,assets/characters/170-helio-vizinho.png,pendente,educativo_comunidade|comunidade_educativa|senior|vila_pig,,,,
171,Geisa Vizinha,geisa-vizinha,Geisa,Geisa Vizinha|Geisa|geisa vizinha,familia_estendida,Familia estendida,adulto,Parente ou pessoa proxima da familia,Fortalece vinculos familiares e pequenos combinados.,assets/characters/171-geisa-vizinha.png,pendente,familia_estendida|adulto|vila_pig,,,,
172,Pietra da Rua,pietra-da-rua,Pietra,Pietra da Rua|Pietra|pietra da rua,escola,Escola,crianca,"Aluno, educador ou apoio escolar","Apoia aprendizado de moedas, metas e escolhas.",assets/characters/172-pietra-da-rua.png,pendente,escola|crianca|vila_pig,,,,
173,Yan do Condominio,yan-do-condominio,Yan,Yan do Condominio|Yan|yan do condominio,escola_eventos,Cantina e eventos escolares,adolescente,Personagem de evento escolar supervisionado,Ajuda a explicar arrecadacoes e festas sem pressao.,assets/characters/173-yan-do-condominio.png,pendente,escola_eventos|cantina_e_eventos_escolares|adolescente|vila_pig,,,,
174,Dona Marlene Sindica,dona-marlene-sindica,Dona,Dona Marlene Sindica|Dona|dona marlene sindica,comercio_local,Comercio local,adulto,Pessoa do comercio de bairro,Mostra o problema da falta de moeda e do troco miudo.,assets/characters/174-dona-marlene-sindica.png,pendente,comercio_local|adulto|vila_pig,,,,
175,Seu Arlindo Zelador,seu-arlindo-zelador,Seu,Seu Arlindo Zelador|Seu|seu arlindo zelador,vizinhanca,Vizinhanca,adulto,Morador ou familia da comunidade,"Reforca convivencia, respeito e ajuda mutua.",assets/characters/175-seu-arlindo-zelador.png,pendente,vizinhanca|adulto|vila_pig,,,,
176,Catarina do Predio,catarina-do-predio,Catarina,Catarina do Predio|Catarina|catarina do predio,relacoes_confianca,Relacoes de confianca,adulto,Pessoa autorizada ou de confianca,Representa cuidado e vinculos seguros.,assets/characters/176-catarina-do-predio.png,pendente,relacoes_confianca|relacoes_de_confianca|adulto|vila_pig,,,,
177,Roni da Casa Nova,roni-da-casa-nova,Roni,Roni da Casa Nova|Roni|roni da casa nova,proposito_social,Proposito social futuro,adulto,Personagem de solidariedade futura,"Mostra doacao opcional, sem pressao.",assets/characters/177-roni-da-casa-nova.png,pendente,proposito_social|proposito_social_futuro|adulto|vila_pig,,,,
178,Familia Batista,familia-batista,Familia,Familia Batista|Familia|familia batista,educativo_comunidade,Comunidade educativa,senior,Guardiao de saberes locais,Ensina pelo exemplo e pela memoria comunitaria.,assets/characters/178-familia-batista.png,pendente,educativo_comunidade|comunidade_educativa|senior|vila_pig,,,,
179,Familia Santana,familia-santana,Familia,Familia Santana|Familia|familia santana,familia_estendida,Familia estendida,adulto,Parente ou pessoa proxima da familia,Fortalece vinculos familiares e pequenos combinados.,assets/characters/179-familia-santana.png,pendente,familia_estendida|adulto|vila_pig,,,,
180,Nayara Voluntaria,nayara-voluntaria,Nayara,Nayara Voluntaria|Nayara|nayara voluntaria,escola,Escola,crianca,"Aluno, educador ou apoio escolar","Apoia aprendizado de moedas, metas e escolhas.",assets/characters/180-nayara-voluntaria.png,pendente,escola|crianca|vila_pig,,,,
181,Dona Celeste Solidaria,dona-celeste-solidaria,Dona,Dona Celeste Solidaria|Dona|dona celeste solidaria,escola_eventos,Cantina e eventos escolares,adolescente,Personagem de evento escolar supervisionado,Ajuda a explicar arrecadacoes e festas sem pressao.,assets/characters/181-dona-celeste-solidaria.png,pendente,escola_eventos|cantina_e_eventos_escolares|adolescente|vila_pig,,,,
182,Bruno Protetor,bruno-protetor,Bruno,Bruno Protetor|Bruno|bruno protetor,comercio_local,Comercio local,adulto,Pessoa do comercio de bairro,Mostra o problema da falta de moeda e do troco miudo.,assets/characters/182-bruno-protetor.png,pendente,comercio_local|adulto|vila_pig,,,,
183,Lia Comunidade,lia-comunidade,Lia,Lia Comunidade|Lia|lia comunidade,vizinhanca,Vizinhanca,adulto,Morador ou familia da comunidade,"Reforca convivencia, respeito e ajuda mutua.",assets/characters/183-lia-comunidade.png,pendente,vizinhanca|adulto|vila_pig,,,,
184,Padre Antonio Conselheiro,padre-antonio-conselheiro,Padre,Padre Antonio Conselheiro|Padre|padre antonio conselheiro,relacoes_confianca,Relacoes de confianca,adulto,Pessoa autorizada ou de confianca,Representa cuidado e vinculos seguros.,assets/characters/184-padre-antonio-conselheiro.png,pendente,relacoes_confianca|relacoes_de_confianca|adulto|vila_pig,,,,
185,Dona Salete da Novena,dona-salete-da-novena,Dona,Dona Salete da Novena|Dona|dona salete da novena,proposito_social,Proposito social futuro,adulto,Personagem de solidariedade futura,"Mostra doacao opcional, sem pressao.",assets/characters/185-dona-salete-da-novena.png,pendente,proposito_social|proposito_social_futuro|adulto|vila_pig,,,,
186,Pastor Elias Visitante,pastor-elias-visitante,Pastor,Pastor Elias Visitante|Pastor|pastor elias visitante,educativo_comunidade,Comunidade educativa,senior,Guardiao de saberes locais,Ensina pelo exemplo e pela memoria comunitaria.,assets/characters/186-pastor-elias-visitante.png,pendente,educativo_comunidade|comunidade_educativa|senior|vila_pig,,,,
187,Yuri da Oficina Cultural,yuri-da-oficina-cultural,Yuri,Yuri da Oficina Cultural|Yuri|yuri da oficina cultural,familia_estendida,Familia estendida,adulto,Parente ou pessoa proxima da familia,Fortalece vinculos familiares e pequenos combinados.,assets/characters/187-yuri-da-oficina-cultural.png,pendente,familia_estendida|adulto|vila_pig,,,,
188,Bia da Dan?a,bia-da-dan-a,Bia,Bia da Dan?a|Bia|bia da dan a,escola,Escola,crianca,"Aluno, educador ou apoio escolar","Apoia aprendizado de moedas, metas e escolhas.",assets/characters/188-bia-da-dan-a.png,pendente,escola|crianca|vila_pig,,,,
189,Nilo do Cordel,nilo-do-cordel,Nilo,Nilo do Cordel|Nilo|nilo do cordel,escola_eventos,Cantina e eventos escolares,adolescente,Personagem de evento escolar supervisionado,Ajuda a explicar arrecadacoes e festas sem pressao.,assets/characters/189-nilo-do-cordel.png,pendente,escola_eventos|cantina_e_eventos_escolares|adolescente|vila_pig,,,,
190,Dona Amara da Renda,dona-amara-da-renda,Dona,Dona Amara da Renda|Dona|dona amara da renda,comercio_local,Comercio local,adulto,Pessoa do comercio de bairro,Mostra o problema da falta de moeda e do troco miudo.,assets/characters/190-dona-amara-da-renda.png,pendente,comercio_local|adulto|vila_pig,,,,
191,Seu Raul do Forro,seu-raul-do-forro,Seu,Seu Raul do Forro|Seu|seu raul do forro,vizinhanca,Vizinhanca,adulto,Morador ou familia da comunidade,"Reforca convivencia, respeito e ajuda mutua.",assets/characters/191-seu-raul-do-forro.png,pendente,vizinhanca|adulto|vila_pig,,,,
192,Cida do Sao Joao,cida-do-sao-joao,Cida,Cida do Sao Joao|Cida|cida do sao joao,relacoes_confianca,Relacoes de confianca,adulto,Pessoa autorizada ou de confianca,Representa cuidado e vinculos seguros.,assets/characters/192-cida-do-sao-joao.png,pendente,relacoes_confianca|relacoes_de_confianca|adulto|vila_pig,,,,
193,Benicio do Cordel,benicio-do-cordel,Benicio,Benicio do Cordel|Benicio|benicio do cordel,proposito_social,Proposito social futuro,adulto,Personagem de solidariedade futura,"Mostra doacao opcional, sem pressao.",assets/characters/193-benicio-do-cordel.png,pendente,proposito_social|proposito_social_futuro|adulto|vila_pig,,,,
194,Lourival do Repente,lourival-do-repente,Lourival,Lourival do Repente|Lourival|lourival do repente,educativo_comunidade,Comunidade educativa,senior,Guardiao de saberes locais,Ensina pelo exemplo e pela memoria comunitaria.,assets/characters/194-lourival-do-repente.png,pendente,educativo_comunidade|comunidade_educativa|senior|vila_pig,,,,
195,Tais do Artesanato,tais-do-artesanato,Tais,Tais do Artesanato|Tais|tais do artesanato,familia_estendida,Familia estendida,adulto,Parente ou pessoa proxima da familia,Fortalece vinculos familiares e pequenos combinados.,assets/characters/195-tais-do-artesanato.png,pendente,familia_estendida|adulto|vila_pig,,,,
196,Malu da Horta,malu-da-horta,Malu,Malu da Horta|Malu|malu da horta,escola,Escola,crianca,"Aluno, educador ou apoio escolar","Apoia aprendizado de moedas, metas e escolhas.",assets/characters/196-malu-da-horta.png,pendente,escola|crianca|vila_pig,,,,
197,Dona Dete da Cozinha,dona-dete-da-cozinha,Dona,Dona Dete da Cozinha|Dona|dona dete da cozinha,escola_eventos,Cantina e eventos escolares,adolescente,Personagem de evento escolar supervisionado,Ajuda a explicar arrecadacoes e festas sem pressao.,assets/characters/197-dona-dete-da-cozinha.png,pendente,escola_eventos|cantina_e_eventos_escolares|adolescente|vila_pig,,,,
198,Seu Jaime da Serra,seu-jaime-da-serra,Seu,Seu Jaime da Serra|Seu|seu jaime da serra,comercio_local,Comercio local,adulto,Pessoa do comercio de bairro,Mostra o problema da falta de moeda e do troco miudo.,assets/characters/198-seu-jaime-da-serra.png,pendente,comercio_local|adulto|vila_pig,,,,
199,Nadia do Sertao,nadia-do-sertao,Nadia,Nadia do Sertao|Nadia|nadia do sertao,vizinhanca,Vizinhanca,adulto,Morador ou familia da comunidade,"Reforca convivencia, respeito e ajuda mutua.",assets/characters/199-nadia-do-sertao.png,pendente,vizinhanca|adulto|vila_pig,,,,
200,Ramon da Praia,ramon-da-praia,Ramon,Ramon da Praia|Ramon|ramon da praia,relacoes_confianca,Relacoes de confianca,adulto,Pessoa autorizada ou de confianca,Representa cuidado e vinculos seguros.,assets/characters/200-ramon-da-praia.png,pendente,relacoes_confianca|relacoes_de_confianca|adulto|vila_pig,,,,
201,Vantajinho,vantajinho,Vantajinho,Vantajinho|Quati Vantajinho|Vantajinho da Vila Pig,personagem_especial,Contraponto educativo,atemporal,"Contraponto educativo do Pig para impulso, descuido e escolhas mal planejadas","O Vantajinho mostra, de forma leve, que descuido e impulso podem ter consequencias educativas.",assets/characters/201-vantajinho.png,criada,personagem_especial|vantajinho|quati|educacao|pigcoin|contraponto_ao_erro,,,,
